{
  "name": "Earth",
  "radius": 6371,
  "obliquity": 23.44,
  "orbit": {
    "a": 1.00000261,
    "e": 0.01671123,
    "I": -0.00001531,
    "L": 100.46457166,
    "o": 102.93768193,
    "O": 0.0,
    "~a": 0.00000562,
    "~e": -0.00004392,
    "~I": -0.01294668,
    "~L": 35999.37244981,
    "~o": 0.32327364,
    "~O": 0.0
  },
  "satellites": [
    {
      "name": "Moon",
      "radius": 6371,
      "obliquity": 23.44,
      "orbit": {
        "a": 0.002569555302,
        "e": 0.054900,
        "I": 5.1454,
        "L": 198.5516,
        "o": 318.0634,
        "O": 125.1228,
        "~a": 0.0,
        "~e": 0.0,
        "~I": 0.0,
        "~L": 481267.8808804725,
        "~o": 6003.1511970075,
        "~O": -1934.1378481575
      }
    }
  ]
}
