{
  "name": "Jupiter",
  "radius": 69911,
  "obliquity": 3.13,
  "orbit": {
    "a": 5.20288700,
    "e": 0.04838624,
    "I": 1.30439695,
    "L": 34.39644051,
    "o": 14.72847983,
    "O": 100.473909,
    "~a": -0.00011607,
    "~e": -0.00013253,
    "~I": -0.00183714,
    "~L": 3034.74612775,
    "~o": 0.21252668,
    "~O": 0.20469106
  }
}