{
  "name": "Mars",
  "radius": 3389.5,
  "obliquity": 25.19,
  "orbit": {
    "a": 1.52371034,
    "e": 0.09339410,
    "I": 1.84969142,
    "L": -4.55343205,
    "o": -23.94362959,
    "O": 49.55953891,
    "~a": 0.00001847,
    "~e": 0.00007882,
    "~I": -0.00813131,
    "~L": 19140.30268499,
    "~o": 0.44441088,
    "~O": -0.29257343
  }
}