{
  "name": "Mercury",
  "radius": 2439.7,
  "obliquity": 0.034,
  "orbit": {
    "a": 0.38709927,
    "e": 0.20563593,
    "I": 7.00497902,
    "L": 252.25032350,
    "o": 77.45779628,
    "O": 48.33076593,
    "~a": 0.00000037,
    "~e": 0.00001906,
    "~I": -0.00594749,
    "~L": 149472.67411175,
    "~o": 0.16047689,
    "~O": -0.12534081
  }
}