{
  "name": "Neptune",
  "radius": 24622,
  "obliquity": 28.32,
  "orbit": {
    "a": 30.06992276,
    "e": 0.00859048,
    "I": 1.77004347,
    "L": -55.12002969,
    "o": 44.96476227,
    "O": 131.78422574,
    "~a": 0.00026291,
    "~e": 0.00005105,
    "~I": 0.00035372,
    "~L": 218.45945325,
    "~o": -0.32241464,
    "~O": -0.00508664
  }
}