{
  "name": "Pluto",
  "radius": 1188.3,
  "obliquity": 122.53,
  "orbit": {
    "a": 39.48211675,
    "e": 0.24882730,
    "I": 17.14001206,
    "L": 238.92903833,
    "o": 224.06891629,
    "O": 110.30393684,
    "~a": -0.00031596,
    "~e": 0.00005170,
    "~I": 0.00004818,
    "~L": 145.20780515,
    "~o": -0.04062942,
    "~O": -0.01183482
  }
}