{
  "name": "Saturn",
  "radius": 58232,
  "obliquity": 26.73,
  "orbit": {
    "a": 9.53667594,
    "e": 0.05386179,
    "I": 2.48599187,
    "L": 49.95424423,
    "o": 92.59887831,
    "O": 113.66242448,
    "~a": -0.00125060,
    "~e": -0.00050991,
    "~I": 0.00193609,
    "~L": 1222.49362201,
    "~o": -0.41897216,
    "~O": -0.28867794
  }
}