{
  "name": "Uranus",
  "radius": 25362,
  "obliquity": 97.77,
  "orbit": {
    "a": 19.18916464,
    "e": 0.04725744,
    "I": 0.77263783,
    "L": 313.23810451,
    "o": 170.95427630,
    "O": 74.01692503,
    "~a": -0.00196176,
    "~e": -0.00004397,
    "~I": -0.00242939,
    "~L": 428.48202785,
    "~o": 0.40805281,
    "~O": 0.04240589
  }
}