{
  "name": "Venus",
  "radius": 6051.8,
  "obliquity": 177.36,
  "orbit": {
    "a": 0.72333566,
    "e": 0.00677672,
    "I": 3.39467605,
    "L": 181.97909950,
    "o": 131.60246718,
    "O": 76.67984255,
    "~a": 0.00000390,
    "~e": -0.00004107,
    "~I": -0.00078890,
    "~L": 58517.81538729,
    "~o": 0.00268329,
    "~O": -0.27769418
  }
}